{"cameraMode":{"drawMode":0,"name":"Shaded","section":"Shading Mode"},"sceneLighting":true,"audioPlay":false,"sceneViewState":{"showFog":true,"showMaterialUpdate":true,"showSkybox":true,"showFlares":true,"showImageEffects":true,"showParticleSystems":true},"in2DMode":false,"pivot":{"x":1.2665986481863456e-8,"y":0.4922283887863159,"z":1.0728835597717535e-8},"rotation":{"x":0.1637846827507019,"y":0.02413928508758545,"z":-0.002893204567953944,"w":0.9863189458847046},"size":22.0,"orthographic":false}