{"cameraMode":{"drawMode":0,"name":"Shaded","section":"Shading Mode"},"sceneLighting":true,"audioPlay":false,"sceneViewState":{"showFog":true,"showMaterialUpdate":true,"showSkybox":true,"showFlares":true,"showImageEffects":true,"showParticleSystems":true},"in2DMode":false,"pivot":{"x":-3.645193576812744,"y":0.17624269425868989,"z":0.6923910975456238},"rotation":{"x":-0.24411866068840028,"y":0.002022822853177786,"z":-0.0004991343594156206,"w":-0.9697510600090027},"size":4.0039215087890629,"orthographic":false}