{"cameraMode":{"drawMode":0,"name":"Shaded","section":"Shading Mode"},"sceneLighting":true,"audioPlay":false,"sceneViewState":{"showFog":true,"showMaterialUpdate":true,"showSkybox":true,"showFlares":true,"showImageEffects":true,"showParticleSystems":true},"in2DMode":false,"pivot":{"x":0.7420355081558228,"y":0.4922444224357605,"z":0.2631142735481262},"rotation":{"x":-0.019885661080479623,"y":-0.9787209033966065,"z":0.11564221233129502,"w":-0.1683877855539322},"size":12.077588081359864,"orthographic":false}