{"cameraMode":{"drawMode":0,"name":"Shaded","section":"Shading Mode"},"sceneLighting":true,"audioPlay":false,"sceneViewState":{"showFog":true,"showMaterialUpdate":true,"showSkybox":true,"showFlares":true,"showImageEffects":true,"showParticleSystems":true},"in2DMode":false,"pivot":{"x":-1.511460781097412,"y":-0.013044191524386406,"z":1.6586778163909913},"rotation":{"x":-0.019885661080479623,"y":-0.9787209033966065,"z":0.11564221233129502,"w":-0.1683877855539322},"size":2.1228811740875246,"orthographic":false}