{"cameraMode":{"drawMode":0,"name":"Shaded","section":"Shading Mode"},"sceneLighting":true,"audioPlay":false,"sceneViewState":{"showFog":true,"showMaterialUpdate":true,"showSkybox":true,"showFlares":true,"showImageEffects":true,"showParticleSystems":true},"in2DMode":false,"pivot":{"x":6.969958305358887,"y":-2.4851150512695314,"z":84.15229034423828},"rotation":{"x":0.08983714878559113,"y":0.31989163160324099,"z":-0.02933157980442047,"w":0.9428540468215942},"size":5.350781440734863,"orthographic":false}