{"cameraMode":{"drawMode":0,"name":"Shaded","section":"Shading Mode"},"sceneLighting":true,"audioPlay":false,"sceneViewState":{"showFog":true,"showMaterialUpdate":true,"showSkybox":true,"showFlares":true,"showImageEffects":true,"showParticleSystems":true},"in2DMode":false,"pivot":{"x":-3.549323797225952,"y":2.769373655319214,"z":-1.352971076965332},"rotation":{"x":0.24571655690670014,"y":0.29519614577293398,"z":-0.0788491889834404,"w":0.9199337959289551},"size":1.1794383525848389,"orthographic":false}