{"cameraMode":{"drawMode":0,"name":"Shaded","section":"Shading Mode"},"sceneLighting":true,"audioPlay":false,"sceneViewState":{"showFog":true,"showMaterialUpdate":true,"showSkybox":true,"showFlares":true,"showImageEffects":true,"showParticleSystems":true},"in2DMode":false,"pivot":{"x":-2.4296658039093019,"y":-16.101078033447267,"z":16.014986038208009},"rotation":{"x":0.06266479194164276,"y":-0.9230586886405945,"z":0.33954596519470217,"w":0.1699574738740921},"size":24.02454948425293,"orthographic":false}