{"cameraMode":{"drawMode":0,"name":"Shaded","section":"Shading Mode"},"sceneLighting":true,"audioPlay":false,"sceneViewState":{"showFog":true,"showMaterialUpdate":true,"showSkybox":true,"showFlares":true,"showImageEffects":true,"showParticleSystems":true},"in2DMode":false,"pivot":{"x":1.195806860923767,"y":-3.8002912998199465,"z":45.58083724975586},"rotation":{"x":0.1840737909078598,"y":0.777603805065155,"z":-0.2653263807296753,"w":0.539546012878418},"size":3.65553879737854,"orthographic":false}