{"cameraMode":{"drawMode":0,"name":"Shaded","section":"Shading Mode"},"sceneLighting":true,"audioPlay":false,"sceneViewState":{"showFog":true,"showMaterialUpdate":true,"showSkybox":true,"showFlares":true,"showImageEffects":true,"showParticleSystems":true},"in2DMode":false,"pivot":{"x":34.25888442993164,"y":-53.722984313964847,"z":-284.822998046875},"rotation":{"x":0.019475756213068963,"y":0.9717490077018738,"z":-0.218740776181221,"w":0.0865200087428093},"size":161.10462951660157,"orthographic":false}