{"cameraMode":{"drawMode":0,"name":"Shaded","section":"Shading Mode"},"sceneLighting":true,"audioPlay":false,"sceneViewState":{"showFog":true,"showMaterialUpdate":true,"showSkybox":true,"showFlares":true,"showImageEffects":true,"showParticleSystems":true},"in2DMode":false,"pivot":{"x":2.1664066314697267,"y":-6.492173194885254,"z":94.23033142089844},"rotation":{"x":-0.12223576009273529,"y":-0.008443181402981282,"z":0.00014126941096037626,"w":-0.9925501346588135},"size":20.29098129272461,"orthographic":false}