{"cameraMode":{"drawMode":0,"name":"Shaded","section":"Shading Mode"},"sceneLighting":true,"audioPlay":false,"sceneViewState":{"showFog":true,"showMaterialUpdate":true,"showSkybox":true,"showFlares":true,"showImageEffects":true,"showParticleSystems":true},"in2DMode":false,"pivot":{"x":7.66909122467041,"y":-0.42972683906555178,"z":41.17533874511719},"rotation":{"x":-0.06785199046134949,"y":0.548630952835083,"z":-0.04464845731854439,"w":-0.8321661353111267},"size":0.2602720856666565,"orthographic":false}