{"cameraMode":{"drawMode":0,"name":"Shaded","section":"Shading Mode"},"sceneLighting":true,"audioPlay":false,"sceneViewState":{"showFog":true,"showMaterialUpdate":true,"showSkybox":true,"showFlares":true,"showImageEffects":true,"showParticleSystems":true},"in2DMode":false,"pivot":{"x":1.2665986481863456e-8,"y":0.4922283887863159,"z":1.0728835597717535e-8},"rotation":{"x":-0.019885661080479623,"y":-0.9787209033966065,"z":0.11564221233129502,"w":-0.1683877855539322},"size":16.704631805419923,"orthographic":false}