{"cameraMode":{"drawMode":0,"name":"Shaded","section":"Shading Mode"},"sceneLighting":true,"audioPlay":false,"sceneViewState":{"showFog":true,"showMaterialUpdate":true,"showSkybox":true,"showFlares":true,"showImageEffects":true,"showParticleSystems":true},"in2DMode":false,"pivot":{"x":1.1025958061218262,"y":1.9870139360427857,"z":3.3366811275482179},"rotation":{"x":0.01776612177491188,"y":-0.9775060415267944,"z":0.09177010506391525,"w":0.18912918865680695},"size":1.9676244258880616,"orthographic":false}