{"cameraMode":{"drawMode":0,"name":"Shaded","section":"Shading Mode"},"sceneLighting":true,"audioPlay":false,"sceneViewState":{"showFog":true,"showMaterialUpdate":true,"showSkybox":true,"showFlares":true,"showImageEffects":true,"showParticleSystems":true},"in2DMode":false,"pivot":{"x":2.3256821632385256,"y":-4.036974906921387,"z":45.10973358154297},"rotation":{"x":0.0216557364910841,"y":0.9759485125541687,"z":-0.1839715838432312,"w":0.11528843641281128},"size":3.5937328338623049,"orthographic":false}