{"cameraMode":{"drawMode":0,"name":"Shaded","section":"Shading Mode"},"sceneLighting":true,"audioPlay":false,"sceneViewState":{"showFog":true,"showMaterialUpdate":true,"showSkybox":true,"showFlares":true,"showImageEffects":true,"showParticleSystems":true},"in2DMode":false,"pivot":{"x":-0.28215283155441286,"y":2.6893234252929689,"z":66.3487548828125},"rotation":{"x":0.4426720142364502,"y":-0.04197532311081886,"z":0.02205110341310501,"w":0.8955628871917725},"size":3.3740172386169435,"orthographic":false}