{"cameraMode":{"drawMode":0,"name":"Shaded","section":"Shading Mode"},"sceneLighting":true,"audioPlay":false,"sceneViewState":{"showFog":true,"showMaterialUpdate":true,"showSkybox":true,"showFlares":true,"showImageEffects":true,"showParticleSystems":true},"in2DMode":false,"pivot":{"x":3.141221761703491,"y":-1.7238904237747193,"z":74.10999298095703},"rotation":{"x":0.007764382753521204,"y":0.9887924194335938,"z":-0.04658510163426399,"w":0.1424349695444107},"size":3.3740172386169435,"orthographic":false}