{"cameraMode":{"drawMode":0,"name":"Shaded","section":"Shading Mode"},"sceneLighting":true,"audioPlay":false,"sceneViewState":{"showFog":true,"showMaterialUpdate":true,"showSkybox":true,"showFlares":true,"showImageEffects":true,"showParticleSystems":true},"in2DMode":false,"pivot":{"x":270.7478332519531,"y":157.0264434814453,"z":18.425491333007814},"rotation":{"x":0.1637846827507019,"y":0.02413928508758545,"z":-0.002893204567953944,"w":0.9863189458847046},"size":347.29937744140627,"orthographic":false}